daily_return,turnover
0.000141843207529746,0.10813761553314954
-0.00022172296303324401,0.11027762415801859
0.0005454756319522858,0.15
0.0018341727554798126,0.09674637764692307
0.0002918981481343508,0.04100294038653374
0.0013446324737742543,0.021116256713867188
0.00158890790771693,0.021530915051698685
0.001027750433422625,0.024314746260643005
0.000948260654695332,0.02340151183307171
0.0006802002317272127,0.020677654072642326
0.00021555126295424998,0.018075311556458473
0.0019221347756683826,0.032717011868953705
0.0012677027843892574,0.01918407343327999
0.0010009658290073276,0.029676269739866257
0.0002885653520934284,0.02636394277215004
0.004467734135687351,0.025243263691663742
0.0005610816879197955,0.02094000205397606
-4.212363273836672e-05,0.035891950130462646
0.0021931580267846584,0.027708234265446663
-0.0005098697147332132,0.02912268228828907
-0.0018387259915471077,0.0363110713660717
0.004828914534300566,0.0369262620806694
-0.0034979747142642736,0.02155284583568573
0.0009508974035270512,0.027209702879190445
-0.0006081877509132028,0.02050289511680603
-0.0028153047896921635,0.016403740271925926
-0.003394060768187046,0.013871662318706512
-0.0001280996366403997,0.02153868041932583
0.002672777511179447,0.02184840478003025
0.0026769202668219805,0.02561110071837902
-0.000900436716619879,0.015987681224942207
0.005376881454139948,0.030491136014461517
-0.0025874448474496603,0.019448192790150642
-0.0012240784708410501,0.03997261822223663
-0.0018082844326272607,0.02904694154858589
-0.003262736601755023,0.037099774926900864
-0.00018571231339592487,0.033448342233896255
-0.0004906136891804636,0.03067903406918049
-0.0014074074570089579,0.018507851287722588
0.002295100362971425,0.0354330837726593
0.0027936503756791353,0.031166814267635345
0.0008804283570498228,0.018563508987426758
0.0013733847299590707,0.028281204402446747
0.0006098014418967068,0.030485806986689568
0.001045858720317483,0.03891006112098694
-0.001139701111242175,0.03379862383008003
-0.0018039935966953635,0.023341160267591476
0.001630924642086029,0.027480263262987137
-0.00016250846965704113,0.03692518547177315
0.001163830398581922,0.031513702124357224
0.0004838622990064323,0.026157313957810402
-0.002399670658633113,0.03581796586513519
-0.003034700406715274,0.03775748983025551
-4.268850898370147e-05,0.0218691173940897
0.005517976824194193,0.04176469147205353
-0.00025209260638803244,0.04003060236573219
-0.0014405614929273725,0.025747334584593773
0.004225873854011297,0.0365593358874321
-0.0010466118110343814,0.03017273172736168
0.0057548824697732925,0.031087130308151245
0.0038469750434160233,0.03155357390642166
-0.00026184998569078743,0.03055117279291153
0.003242551116272807,0.03334731608629227
-0.0014540338888764381,0.033149354159832
0.004687495529651642,0.021415088325738907
0.00020324467914178967,0.03577109053730965
-0.0010341099696233869,0.03010088950395584
-3.200777427991852e-06,0.03786277025938034
0.004986096639186144,0.025492146611213684
0.0015793310012668371,0.024685151875019073
0.0032954902853816748,0.027435127645730972
0.002969461027532816,0.0327276736497879
-0.000271098775556311,0.03366247937083244
-0.0012237988412380219,0.021015137434005737
0.004676383920013905,0.02095869556069374
0.0016302698059007525,0.03130056709051132
-0.008888181298971176,0.033382367342710495
0.0035972881596535444,0.031949929893016815
0.00456954026594758,0.0297807939350605
0.00782972201704979,0.030156131833791733
0.004290120676159859,0.0255130622535944
0.010040530934929848,0.02115604840219021
0.006317067425698042,0.03590893745422363
-0.002400362631306052,0.031857166439294815
0.00029958560480736196,0.021318264305591583
0.0008014152408577502,0.0356123149394989
0.003119198139756918,0.019122516736388206
0.0070900144055485725,0.027057096362113953
0.0053848098032176495,0.028020141646265984
0.0015096269780769944,0.02775006927549839
0.0016268647741526365,0.024291064590215683
0.00044523546239361167,0.02713559754192829
0.0010400167666375637,0.02634068951010704
-0.007253417279571295,0.024164272472262383
-0.004558772314339876,0.02512791007757187
0.006197510752826929,0.020847557112574577
-0.0033933259546756744,0.024300456047058105
-0.0008261270122602582,0.031051546335220337
0.0015501590678468347,0.02843436226248741
0.008604886941611767,0.025721106678247452
-0.00045871688053011894,0.017090817913413048
0.0006913809920661151,0.019770624116063118
0.0013466954696923494,0.031035080552101135
0.002218480221927166,0.01893622800707817
-0.005687699653208256,0.027139151468873024
-0.00789023470133543,0.02221055142581463
0.0075513278134167194,0.02991955354809761
-0.010848389938473701,0.032174013555049896
-0.0006658497732132673,0.021863825619220734
-0.0012350345496088266,0.019633399322628975
0.00022491774871014059,0.029863765463232994
0.0004938732017762959,0.029088014736771584
-0.006783206947147846,0.03395183011889458
0.004122740589082241,0.041923344135284424
-4.4884982344228774e-05,0.029680419713258743
0.0010863329516723752,0.0302053764462471
0.008699248544871807,0.046649836003780365
-0.0012821233831346035,0.03315968066453934
0.002806129865348339,0.048773325979709625
-0.0020816619507968426,0.0517866350710392
0.005881038494408131,0.0455344021320343
0.0024709366261959076,0.0373612605035305
0.0072713023982942104,0.05210607498884201
-0.00029680519946850836,0.038513489067554474
0.0008992567309178412,0.049290645867586136
-0.0020337195601314306,0.044999152421951294
0.0002236618602182716,0.040748562663793564
-0.004286706913262606,0.045541003346443176
0.0008161739679053426,0.027208736166357994
-0.0010193982161581516,0.0499127134680748
0.0016182957915589213,0.026273906230926514
-0.0007672136998735368,0.03579133749008179
0.0033029369078576565,0.041405122727155685
0.0012531534302979708,0.021697331219911575
0.005522522144019604,0.026521874591708183
-0.0014591759536415339,0.03510294854640961
-0.0001371203106828034,0.022241564467549324
-0.010739972814917564,0.022629380226135254
0.002792936749756336,0.02950124442577362
0.013355521485209465,0.031400300562381744
-0.0032910392619669437,0.021782267838716507
0.004046118352562189,0.021633503958582878
-0.010292287915945053,0.02659655548632145
-0.0032044819090515375,0.029232487082481384
0.00017208940698765218,0.025772543624043465
0.007603710517287254,0.02240370213985443
0.00031903947819955647,0.027955248951911926
-0.0009166067466139793,0.033428601920604706
0.0005237567238509655,0.033192265778779984
0.0008478577947244048,0.03297128528356552
0.0027420418336987495,0.02742602862417698
0.005343711469322443,0.03593458980321884
0.006938545498996973,0.03182631731033325
-0.002439530799165368,0.047773029655218124
-0.002243682509288192,0.03546875715255737
-0.0028359326533973217,0.03166097030043602
0.0033125639893114567,0.035922691226005554
0.004206040408462286,0.046292807906866074
-0.0032118847593665123,0.02904462069272995
0.00684887170791626,0.02894253470003605
0.0008079486433416605,0.03778313472867012
-0.006195226684212685,0.022371776401996613
-0.004098210483789444,0.029455343261361122
0.008781257085502148,0.02550833858549595
0.007317477371543646,0.040217429399490356
-0.0023423044476658106,0.031902942806482315
-0.0010358246508985758,0.03169012442231178
-0.004743175581097603,0.02572488784790039
0.00059680943377316,0.018355220556259155
-0.001511401729658246,0.03268606588244438
-0.0005623255856335163,0.03267780691385269
0.003800647333264351,0.0352417416870594
0.001949793891981244,0.02048192359507084
0.0025740463752299547,0.04113791137933731
0.002641444792971015,0.029950492084026337
0.0017986245220527053,0.03593016788363457
0.0014864658005535603,0.03099171258509159
0.004574811551719904,0.03883720189332962
-0.0002104708255501464,0.03586667403578758
0.0005180426524020731,0.04277794808149338
0.002854003105312586,0.025737907737493515
0.0018210809212177992,0.026944387704133987
0.002859484637156129,0.0427568145096302
0.0017974725924432278,0.03166668117046356
0.0004780382150784135,0.036371905356645584
0.001189186004921794,0.04486507549881935
0.0010322555899620056,0.027469675987958908
0.0013127228012308478,0.035188667476177216
0.004156609531491995,0.03183550015091896
-0.0036830692552030087,0.02364436723291874
8.197632269002497e-05,0.03749367967247963
-0.004483033437281847,0.037171848118305206
-0.0005818735808134079,0.032180529087781906
0.008106116205453873,0.0237947478890419
-0.0006310206954367459,0.025764314457774162
0.004422882106155157,0.03447242081165314
9.618107287678868e-05,0.03275078535079956
0.0005939160473644733,0.019924398511648178
0.0054972474463284016,0.03732675313949585
0.001873273984529078,0.034125231206417084
-0.0006990839028730989,0.029933247715234756
0.0027476055547595024,0.036368753761053085
-0.004744031000882387,0.02618471160531044
-0.003837374271824956,0.029726438224315643
0.0005057576345279813,0.021987466141581535
-0.0005728058167733252,0.03725522756576538
-0.0016793092945590615,0.02624567039310932
0.010655813850462437,0.025234626606106758
-0.00020959717221558094,0.03985237330198288
0.003163775661960244,0.025275271385908127
0.0056105712428689,0.024827122688293457
-4.678877303376794e-07,0.03688127547502518
-0.0005850601010024548,0.036605104804039
0.0036958956625312567,0.025555910542607307
0.006560220383107662,0.03430896997451782
0.006524370517581701,0.03855588287115097
-0.004943082109093666,0.030119623988866806
0.006122205872088671,0.02504425309598446
0.00024376164947170764,0.031103139743208885
-0.0026478280778974295,0.026076069101691246
-0.003395235864445567,0.0290684774518013
0.005003613885492086,0.026743672788143158
0.006961965933442116,0.03410732373595238
0.0013031125999987125,0.02293538488447666
0.004489618819206953,0.026839666068553925
0.0038410986308008432,0.03262193873524666
0.0019966126419603825,0.03446207195520401
-0.00038272596430033445,0.04210501164197922
0.013420834206044674,0.03749404847621918
0.01589280553162098,0.03241468220949173
-0.006561657879501581,0.03427309915423393
-0.007451450917869806,0.03006552718579769
-0.004371815361082554,0.02423999458551407
-0.0026816180907189846,0.03146786242723465
0.008181752637028694,0.03707946836948395
0.011216443032026291,0.02765205316245556
0.001500987447798252,0.026181373745203018
-0.0029970009345561266,0.03538811206817627
-0.002597956918179989,0.030934162437915802
-0.0020582126453518867,0.03245968744158745
0.01029184553772211,0.03182700276374817
0.006621427834033966,0.024935539811849594
0.00198178319260478,0.030719105154275894
0.017748553305864334,0.02729848027229309
0.003548211418092251,0.02533784694969654
-0.0009741457761265337,0.026803569868206978
-0.0035194370429962873,0.03700689226388931
0.004757468122988939,0.023419402539730072
0.00919869914650917,0.03439771756529808
-0.0021213223226368427,0.032496772706508636
-0.009961516596376896,0.030388234183192253
0.004821035545319319,0.03666490316390991
0.0020102260168641806,0.021085461601614952
0.0034966059029102325,0.034303031861782074
0.002509315498173237,0.021092358976602554
0.004782911855727434,0.03876272588968277
0.0015001542633399367,0.03381622955203056
0.0005878509255126119,0.024996845051646233
0.010495847091078758,0.03654274344444275
-0.0045423065312206745,0.03032047301530838
-0.014541787095367908,0.029466908425092697
-0.0008513582870364189,0.04021776467561722
-0.007322132587432861,0.02713562175631523
-0.015824094414711,0.043533649295568466
-0.044921137392520905,0.03281383961439133
0.021170545369386673,0.030721738934516907
-0.0004107831045985222,0.09946058690547943
-0.02046709507703781,0.04086912050843239
0.011181245557963848,0.02036985754966736
0.007256805896759033,0.022626616060733795
0.0013022893108427525,0.02003490924835205
0.01004871167242527,0.022045530378818512
0.010438279248774052,0.02561051771044731
0.0009192543220706284,0.016620563343167305
0.00035989281604997814,0.023584438487887383
-0.0032730575185269117,0.03182592988014221
-0.0038644643500447273,0.017972584813833237
-0.00015589309623464942,0.023644650354981422
0.008296352811157703,0.032194290310144424
0.006135427393019199,0.025993768125772476
-0.005409679375588894,0.03030266985297203
-0.00545057188719511,0.027368983253836632
-0.006422576494514942,0.02915049158036709
0.003780324710533023,0.03238871693611145
0.006500993389636278,0.03766248747706413
-0.0014391705626621842,0.02495815046131611
-0.002052334602922201,0.14611501321899378
0.0002585316833574325,0.026869911700487137
0.011734847910702229,0.0475885272026062
0.0005523539148271084,0.039609089493751526
-0.0016041778726503253,0.038393594324588776
-0.008541947230696678,0.03468818590044975
0.00012592991697601974,0.028764571994543076
0.001127328141592443,0.03414275124669075
-0.011500181630253792,0.03634393587708473
0.003697194391861558,0.03516789525747299
0.0006354365614242852,0.02325313538312912
-0.01894187554717064,0.03149445727467537
-0.012166877277195454,0.03769783303141594
0.014685051515698433,0.03010517917573452
-0.013320505619049072,0.028359804302453995
-0.002702273428440094,0.026740074157714844
0.008117513731122017,0.027176301926374435
-0.00031314973603002727,0.02868974208831787
-0.013907423242926598,0.033198192715644836
0.009455589577555656,0.025108762085437775
0.005853584036231041,0.04506968706846237
0.0038147817831486464,0.028343399986624718
-0.012253567576408386,0.03097454272210598
0.0024254675954580307,0.037496358156204224
0.009461479261517525,0.04452938213944435
-0.0014096185332164168,0.042796775698661804
0.0038012349978089333,0.04240098223090172
0.0010284790769219398,0.03486691415309906
0.002130945911630988,0.05052408576011658
0.006343984976410866,0.03571136295795441
0.0007256694952957332,0.042634494602680206
-0.0033058247063308954,0.04885578900575638
-0.004132342524826527,0.04786622151732445
0.000179871785803698,0.0542704239487648
-0.0037717598024755716,0.05253099650144577
-0.004278370179235935,0.0356629379093647
0.01155920885503292,0.04050910472869873
0.0020291004329919815,0.036213167011737823
-0.004959702491760254,0.03465775400400162
0.0005526592722162604,0.021998882293701172
-0.004011224489659071,0.04179796949028969
0.0007454716833308339,0.03777069225907326
0.008846634067595005,0.026825521141290665
0.0012113783741369843,0.04016384109854698
-0.0017604281893000007,0.03326074779033661
0.00792697910219431,0.032027166336774826
0.004871971905231476,0.03826546669006348
-0.002068116795271635,0.03321537375450134
0.0009047276107594371,0.0374862477183342
-0.00882102269679308,0.027695536613464355
0.0017910617170855403,0.03654789179563522
-0.001989059615880251,0.02843421883881092
0.002259864704683423,0.034543126821517944
0.00664475467056036,0.034112971276044846
-0.005558734759688377,0.04173189029097557
0.00022454472491517663,0.032444171607494354
-0.0003378816763870418,0.034454960376024246
-0.00015333214832935482,0.0320957712829113
-0.0015107676154002547,0.034997306764125824
-0.004305968526750803,0.028778158128261566
0.00943815615028143,0.03090461902320385
-0.0031300003174692392,0.0331341028213501
0.007883493788540363,0.026411807164549828
0.005613856017589569,0.03631424158811569
0.002069639042019844,0.027083635330200195
0.00693842489272356,0.029566602781414986
-0.0017165935132652521,0.02285895310342312
0.0028351410292088985,0.025169070810079575
0.0016383931506425142,0.027889233082532883
0.0013190589379519224,0.023235997185111046
-0.0034126273822039366,0.0365750826895237
0.004554197657853365,0.02738681435585022
-0.0005578376585617661,0.026027262210845947
0.00135361822322011,0.028829261660575867
-0.003064991906285286,0.028444647789001465
0.0014993568183854222,0.019467797130346298
-0.0031486451625823975,0.033583346754312515
-0.0005086224409751594,0.022705398499965668
-0.010655360296368599,0.026627153158187866
0.001643626601435244,0.01650439202785492
-0.0056396531872451305,0.029718413949012756
0.004122141748666763,0.026658106595277786
0.0013895193114876747,0.01891500875353813
0.0019740888383239508,0.032073672860860825
-0.0017628902569413185,0.027065159752964973
-0.00012590046389959753,0.031891074031591415
0.007055746391415596,0.035559896379709244
0.005334258079528809,0.030564041808247566
0.0048570791259408,0.02812453731894493
0.0013064692029729486,0.0445672869682312
-0.002726522274315357,0.04477837681770325
0.004740693140774965,0.04249158501625061
6.9459892984014e-05,0.046183545142412186
-0.00044242155854590237,0.03990764915943146
0.0050519779324531555,0.048552922904491425
-0.0008521919371560216,0.0401393324136734
-0.002475150628015399,0.040463682264089584
-0.0010102983796969056,0.03753853961825371
0.0003170348354615271,0.041875261813402176
0.0041099246591329575,0.051522329449653625
0.005831828340888023,0.03353288397192955
-0.0029297806322574615,0.037453021854162216
-0.006367524154484272,0.027972789481282234
-0.006889923941344023,0.027589356526732445
0.0029112158808857203,0.03752201050519943
-0.002898197155445814,0.024202290922403336
0.004362079314887524,0.032526902854442596
0.00282355397939682,0.03300198167562485
0.0007357314461842179,0.031076472252607346
0.001771937357261777,0.03462792932987213
-0.003194102318957448,0.027142368257045746
-0.0002508957404643297,0.030574515461921692
-0.006306784227490425,0.036349497735500336
-0.005161747802048922,0.03364122286438942
0.0018604496726766229,0.037707798182964325
-0.0039844694547355175,0.030035965144634247
0.0059167915023863316,0.03285331279039383
0.003942298702895641,0.03319269418716431
0.0005216304562054574,0.038026321679353714
0.002454668516293168,0.03286875784397125
0.0013018375029787421,0.042170166969299316
-0.000859652878716588,0.03916097804903984
0.00701098283752799,0.039865732192993164
0.0063105132430791855,0.032477006316185
0.0008694385760463774,0.0337785929441452
0.003682534908875823,0.03096901625394821
-0.004323333036154509,0.029490232467651367
0.00010325789480702952,0.02636253461241722
0.0003950533573515713,0.01960803009569645
-0.0017639767611399293,0.033788956701755524
-0.0064606936648488045,0.029332976788282394
-0.00135886762291193,0.035209011286497116
-0.003688876051455736,0.03692326322197914
0.0018609461840242147,0.041325148195028305
0.0006360809202305973,0.044302020221948624
0.001406912924721837,0.03365752473473549
0.005158893298357725,0.04856142774224281
0.000933891162276268,0.01974799484014511
-0.005749332718551159,0.02403355948626995
0.003954008221626282,0.0213268231600523
0.0002809588913805783,0.03565937280654907
0.00614284910261631,0.030471816658973694
0.0022574076429009438,0.0337638184428215
-0.0042170253582298756,0.04467938095331192
-0.0009030646178871393,0.03282608836889267
-0.0018744014669209719,0.04966895282268524
0.0017172739608213305,0.03988635912537575
0.0012688423739746213,0.027478646486997604
0.0020728767849504948,0.04550512135028839
-0.0024938129354268312,0.021405978128314018
-0.0010556327179074287,0.04003512114286423
-0.009672734886407852,0.029812438413500786
-0.005969844292849302,0.02837025560438633
-0.003229089081287384,0.039253946393728256
-0.00032584377913735807,0.04456857591867447
-0.027790555730462074,0.024020228534936905
-0.01682884991168976,0.027998771518468857
0.013002680614590645,0.0481254868209362
-0.0013141136150807142,0.028553364798426628
0.017120931297540665,0.037566348910331726
-0.0003017293056473136,0.043316550552845
-0.01284393947571516,0.046892374753952026
-0.0023124555591493845,0.035194218158721924
-0.002616307931020856,0.045430988073349
-0.001535095158033073,0.0532679557800293
-0.022717880085110664,0.050546351820230484
0.014607761055231094,0.0680529847741127
-0.009154779836535454,0.06565067172050476
-0.0059098731726408005,0.04169746860861778
0.009158087894320488,0.050464384257793427
0.00290890084579587,0.0519719198346138
0.008220043033361435,0.05786040425300598
-0.001893421052955091,0.053018718957901
0.004581398330628872,0.04890973120927811
0.002998311771079898,0.028951330110430717
0.00810037087649107,0.04421958699822426
-0.0013021980412304401,0.04180352762341499
-0.0046098497696220875,0.06906157732009888
-0.010021030902862549,0.04937687888741493
2.392750684521161e-05,0.03953436389565468
-0.0037527091335505247,0.042997781187295914
0.0065268282778561115,0.06160855293273926
0.00179051433224231,0.03865353390574455
-0.01465462427586317,0.07153049856424332
-0.0133763263002038,0.041687678545713425
0.004725329112261534,0.045088011771440506
-0.001310814404860139,0.04371155798435211
-0.0036646986845880747,0.05074433982372284
0.009115677326917648,0.03331714868545532
0.0014107860624790192,0.03650642931461334
0.019699810072779655,0.02725626341998577
-0.0018289560684934258,0.03936433792114258
0.005470298230648041,0.03846536576747894
0.006898704916238785,0.02685358189046383
-0.020301543176174164,0.03743310645222664
-0.0002502502466086298,0.04632173478603363
-0.0010233914945274591,0.04069247841835022
-0.014713803306221962,0.045855939388275146
0.0021455988753587008,0.040595270693302155
0.0010153634939342737,0.03128426894545555
0.00539648300036788,0.03622300177812576
0.0004495128523558378,0.02701057679951191
-0.015078960917890072,0.03766586631536484
-0.017617180943489075,0.025805791839957237
0.0014107852475717664,0.04307715594768524
-0.011895334348082542,0.028190383687615395
-0.011286945082247257,0.04320313036441803
-0.012556028552353382,0.02488112635910511
-0.018160192295908928,0.04626515880227089
-0.0011221180902794003,0.025382205843925476
0.03434794768691063,0.049442946910858154
0.002827455522492528,0.03397819772362709
0.003948627505451441,0.04862122982740402
0.003701584879308939,0.04276920109987259
-0.00013932425645180047,0.05122598633170128
-0.0014324492076411843,0.03333168104290962
-0.01324282307177782,0.05150381848216057
0.016346223652362823,0.034647610038518906
0.010197144001722336,0.03294496238231659
0.005499222781509161,0.05216528847813606
0.0033521675504744053,0.030342159792780876
-0.005893086548894644,0.024610796943306923
0.0009594216826371849,0.03984573483467102
-0.001677286927588284,0.02883547730743885
0.0032737774308770895,0.03600358963012695
0.002495342865586281,0.04249030724167824
0.005190746393054724,0.04597785696387291
0.003642351133748889,0.05233970284461975
-0.0007108633290044963,0.03522782027721405
-0.008412565104663372,0.058817580342292786
-0.0004460452764760703,0.04537464305758476
0.0034815494436770678,0.03486521169543266
0.00673155440017581,0.027646340429782867
-0.009945164434611797,0.018471609801054
-0.0013085724785923958,0.026779115200042725
0.011634070426225662,0.03429802134633064
0.009113919921219349,0.02699398435652256
0.0018681756919249892,0.02009231597185135
0.006419395562261343,0.02517588809132576
0.0070721753872931,0.03175966069102287
-0.0018621418857946992,0.027061888948082924
-0.006885617505759001,0.02632627636194229
0.005322955548763275,0.021955521777272224
0.0018510367954149842,0.02871716022491455
0.008664594031870365,0.020855030044913292
-0.00018484293832443655,0.023255303502082825
-0.0012771736364811659,0.0207230132073164
0.0071628340519964695,0.017637448385357857
0.0009873430244624615,0.026373770087957382
0.004558661486953497,0.023282606154680252
0.0018527799984440207,0.019233882427215576
-0.008356088772416115,0.023869499564170837
0.007520916871726513,0.026753854006528854
-0.0008930843323469162,0.022014666348695755
-0.002290022559463978,0.02985619567334652
-0.000794965832028538,0.01861199364066124
-0.0005420806701295078,0.03330583497881889
0.003353629494085908,0.02141617238521576
-0.003973655868321657,0.0328502282500267
0.0071474420838057995,0.021883845329284668
-0.002499065827578306,0.024364888668060303
-0.004110262263566256,0.02914063259959221
-0.0005385509575717151,0.03498205915093422
0.010607531294226646,0.02098577842116356
0.0034084036014974117,0.024114858359098434
0.005217320751398802,0.04261675477027893
-0.0013711393112316728,0.03238074481487274
0.004678870085626841,0.03729894757270813
0.003670681035146117,0.03652713820338249
0.0013708180049434304,0.033499687910079956
-0.0006347514572553337,0.03339541330933571
0.007218389771878719,0.04666975513100624
-0.012236890383064747,0.04119052365422249
0.0002532736980356276,0.027369271963834763
0.005446896888315678,0.03727085143327713
-0.002536771120503545,0.03264199197292328
0.0023598773404955864,0.03156818822026253
0.005326601676642895,0.030086657032370567
0.010825852863490582,0.028167296200990677
0.008686522021889687,0.037897221744060516
0.0040840511210262775,0.02963506616652012
-0.0013674928341060877,0.02685513347387314
0.006612238474190235,0.015852443873882294
0.0013124627294018865,0.0223518256098032
-0.004629409406334162,0.02244856394827366
0.005286255851387978,0.01884373463690281
-0.003486804198473692,0.02516629919409752
0.002875179285183549,0.025195829570293427
-0.0011018639197573066,0.03618738427758217
0.0026746708899736404,0.03848963603377342
-0.003110087476670742,0.03459002450108528
0.00485606724396348,0.032906971871852875
0.0015617413446307182,0.02991664782166481
0.0007774254190735519,0.04396536573767662
0.007742998190224171,0.038233909755945206
-0.0004679627309087664,0.023193281143903732
-0.003295321250334382,0.035789281129837036
0.0005710115074180067,0.025962816551327705
-0.0004798147710971534,0.03438453748822212
0.003319578943774104,0.03786996379494667
-0.0043238988146185875,0.039526067674160004
0.0013437200104817748,0.031308967620134354
0.009349890053272247,0.03750826418399811
-0.00341711170040071,0.03214988857507706
-0.011416224762797356,0.03376251086592674
-0.0002808845601975918,0.037571460008621216
-0.001684888149611652,0.029917608946561813
0.005716525949537754,0.03591800481081009
-0.0033517684787511826,0.0292475875467062
0.006241206079721451,0.02234252355992794
0.009559748694300652,0.04040423035621643
0.004219420254230499,0.03459363058209419
-0.009199153631925583,0.03169010579586029
0.00043537875171750784,0.0345195010304451
0.007650265470147133,0.03061327338218689
-0.002283485373482108,0.040026482194662094
-0.0062689087353646755,0.04302187263965607
0.003928755410015583,0.035863958299160004
0.0036203127820044756,0.03711913898587227
-0.00459272600710392,0.04199221730232239
-0.0047457776963710785,0.042544133961200714
0.0005992437363602221,0.04521887004375458
-0.005047576501965523,0.04928012937307358
-0.004048930946737528,0.04917415976524353
0.004704273771494627,0.05254361033439636
0.010085631161928177,0.034714460372924805
0.0029517768416553736,0.03611880540847778
0.01191791519522667,0.03247977793216705
0.0008078889804892242,0.04442808777093887
-0.0017817553598433733,0.0351690798997879
0.0047223749570548534,0.03399413824081421
0.004500001203268766,0.030630629509687424
6.2853796407580376e-06,0.03055630624294281
0.0074042766354978085,0.03471844643354416
0.00074087391840294,0.03399865701794624
0.010028595104813576,0.05751478299498558
0.010070987977087498,0.0304013229906559
0.00028948314138688147,0.03213999792933464
0.007894933223724365,0.043361127376556396
-0.011003421619534492,0.054350487887859344
0.00843239389359951,0.03340551257133484
-0.00321806687861681,0.053983379155397415
0.010793639346957207,0.028118448331952095
-0.004289912525564432,0.022833609953522682
0.004705429542809725,0.035594698041677475
0.012961902655661106,0.02156243287026882
-0.00261510768905282,0.01794896274805069
-0.004134971648454666,0.018811719492077827
0.002507439348846674,0.0249863862991333
0.00405458128079772,0.016316263005137444
0.003488419111818075,0.025824392214417458
-0.004423609934747219,0.021813327446579933
0.006533231120556593,0.023311994969844818
-0.0054589491337537766,0.02216000109910965
-0.012607192620635033,0.018150558695197105
0.0002886784786824137,0.03275369852781296
0.007551842834800482,0.0183377955108881
-0.004357393831014633,0.032294031232595444
0.0014712631236761808,0.021978653967380524
0.0026485291309654713,0.021382180973887444
0.002892483724281192,0.036325085908174515
-0.005111644510179758,0.02649264596402645
0.004313206300139427,0.020901722833514214
-0.0031232014298439026,0.03127697855234146
0.0010606676805764437,0.026508048176765442
-0.007964898832142353,0.03659043461084366
-0.001719871535897255,0.030882520601153374
-0.005625776015222073,0.025872165337204933
-0.017132289707660675,0.0355239138007164
0.009426646865904331,0.02374030277132988
0.004191110841929913,0.03396466001868248
0.014905158430337906,0.025480978190898895
-0.005241539794951677,0.025451399385929108
-0.009240144863724709,0.03353055194020271
0.0098189115524292,0.03202373534440994
-0.024010203778743744,0.039907801896333694
0.0033319226931780577,0.03487192839384079
0.012597846798598766,0.05553334951400757
0.011059978976845741,0.03526362404227257
-0.004394373390823603,0.04539363831281662
0.0016037547029554844,0.04887332394719124
-0.0010138192446902394,0.04032905772328377
-0.013464814983308315,0.048263028264045715
0.004566328600049019,0.04824754223227501
-0.0034598237834870815,0.050734180957078934
-0.001348027028143406,0.05662406608462334
0.003724826266989112,0.039663493633270264
0.0007102278177626431,0.043434370309114456
0.0034776548855006695,0.058552198112010956
0.00011758896289393306,0.044726185500621796
0.009257336147129536,0.03958122432231903
0.008116835728287697,0.0395098440349102
-0.0013913068687543273,0.04204310476779938
-0.005024525336921215,0.02694704197347164
-0.0038420618511736393,0.03725385293364525
0.00632444117218256,0.04085587337613106
0.004653990734368563,0.029796909540891647
-0.003960330970585346,0.036337919533252716
-0.0014357015024870634,0.03257742524147034
0.0036205260548740625,0.02945350669324398
-0.0008921147673390806,0.030920088291168213
0.0005938740214332938,0.02789498306810856
-0.002941245213150978,0.035964690148830414
-0.0006612479337491095,0.03762763738632202
-0.010553286410868168,0.029722491279244423
0.0027839369140565395,0.04289922118186951
-0.0008401217055507004,0.03873530030250549
-0.008155257441103458,0.041460245847702026
0.005239907186478376,0.03420233353972435
-0.008955903351306915,0.037349093705415726
-0.012250794097781181,0.03396160155534744
0.008044294081628323,0.045507997274398804
0.00961498636752367,0.04174605756998062
-0.002461407333612442,0.03990046679973602
-0.011237597092986107,0.04745299369096756
0.006739721167832613,0.0344514437019825
0.0029331943951547146,0.05132319778203964
0.005766999442130327,0.045011792331933975
-0.0004784241900779307,0.046999067068099976
0.007170838303864002,0.03325682878494263
-0.0012567884987220168,0.04447174072265625
0.0034787538461387157,0.038313042372465134
-0.003849268890917301,0.06060514226555824
0.002303855028003454,0.050090938806533813
-0.0034640352241694927,0.04304513707756996
0.0016665365546941757,0.05784434825181961
0.008951222524046898,0.03342065215110779
0.007558237761259079,0.058932382613420486
0.004010668024420738,0.046110350638628006
-0.001408840762451291,0.04886482283473015
0.0055392589420080185,0.03676475211977959
-0.0015854964731261134,0.0394676998257637
0.004859836306422949,0.03394213318824768
0.003967880737036467,0.04796886071562767
-0.003946954850107431,0.033244021236896515
0.000922669714782387,0.03906390815973282
-0.0014160815626382828,0.037667110562324524
0.0002086055465042591,0.04093162715435028
-0.0005705459043383598,0.03545539081096649
0.0023307378869503736,0.04141513258218765
0.003924037795513868,0.028185993432998657
0.0011333050206303596,0.027870871126651764
0.004218094516545534,0.029265085235238075
-0.00011545353481778875,0.022353939712047577
-0.001739113125950098,0.03747017681598663
-0.00265296408906579,0.03629855439066887
-0.003880656324326992,0.027983572334051132
-0.0009976009605452418,0.04987534135580063
0.00621551088988781,0.031864069402217865
0.0015864357119426131,0.04472718760371208
0.006318203639239073,0.03454231470823288
-0.000517297419719398,0.03261576592922211
-0.0018816505325958133,0.03658197075128555
-0.01008282508701086,0.03243284672498703
-0.0022001350298523903,0.026461083441972733
0.002874713623896241,0.025250522419810295
8.633573452243581e-05,0.042898379266262054
0.00480577303096652,0.030541375279426575
-0.0033067476470023394,0.04250138998031616
-0.0005092965438961983,0.035153940320014954
0.00291597843170166,0.031315434724092484
0.0038809748366475105,0.025375081226229668
0.0014571691863238811,0.028422236442565918
0.0061412714421749115,0.031241271644830704
-0.0013623021077364683,0.031562454998493195
0.0015625514788553119,0.02949349209666252
0.00513421930372715,0.031467389315366745
0.0031064427457749844,0.018617046996951103
-0.0008051843615248799,0.03215255215764046
0.0005346483667381108,0.02708069421350956
-0.00018838720279745758,0.023341761901974678
0.0038363037165254354,0.040983233600854874
-0.0005197857390157878,0.03899494931101799
-0.003351436695083976,0.04098853841423988
0.00107356789521873,0.039487339556217194
-3.989646938862279e-05,0.04137793183326721
0.005147723481059074,0.03872440382838249
-0.000929573317989707,0.035120416432619095
0.0060957204550504684,0.034951694309711456
0.0004866576346103102,0.021038316190242767
0.0027008496690541506,0.03122399002313614
0.0032583782449364662,0.0318111851811409
-4.69754813821055e-05,0.029681894928216934
0.0066936807706952095,0.0219052042812109
0.0018555496353656054,0.029301082715392113
0.004330755677074194,0.0432652048766613
0.00570719875395298,0.02878543734550476
0.0045358771458268166,0.0368792861700058
-0.0012305849231779575,0.02335975505411625
0.00013312316150404513,0.02318928763270378
0.0013070409186184406,0.030232369899749756
-0.0002483577700331807,0.01736709289252758
-0.005739287938922644,0.02522571198642254
-0.007884164340794086,0.03004520945250988
0.009052363224327564,0.024785984307527542
0.0010359382722526789,0.031443968415260315
0.005081706680357456,0.02899511530995369
-0.011229272931814194,0.027059033513069153
0.007553758565336466,0.026336561888456345
0.013406758196651936,0.019833076745271683
0.006444440223276615,0.021751632913947105
0.003953998908400536,0.04027470201253891
-0.0007221243577077985,0.029640108346939087
0.011205561459064484,0.019253775477409363
0.005707375705242157,0.029189419001340866
0.005858639720827341,0.039583396166563034
-0.001041579176671803,0.026227539405226707
0.0028899956960231066,0.029988713562488556
-0.0029435870237648487,0.03020404651761055
0.0028110065031796694,0.017222492024302483
0.0031474754214286804,0.03728880733251572
-0.003376766573637724,0.021665411069989204
-0.005638930480927229,0.029750604182481766
-0.025190044194459915,0.04171077162027359
-0.02464357577264309,0.029212918132543564
-0.004294891841709614,0.020746899768710136
-0.02793055772781372,0.044533953070640564
-0.007378325331956148,0.02333296835422516
0.026575466617941856,0.0628671646118164
-0.012651083059608936,0.02212006226181984
0.021461552008986473,0.04882675036787987
-0.012080448679625988,0.020970506593585014
-0.009382219053804874,0.02647753804922104
-0.04341483861207962,0.025558684021234512
0.021612126380205154,0.016985179856419563
-0.0220121331512928,0.0466005839407444
-0.05063983052968979,0.022223645821213722
0.034228045493364334,0.019596805796027184
-0.04787350445985794,0.028202060610055923
0.019206253811717033,0.034443605691194534
-0.017483621835708618,0.017360039055347443
0.00779769429937005,0.023676395416259766
-0.007206306327134371,0.016118885949254036
0.0017776978202164173,0.018605303019285202
0.022618457674980164,0.019617067649960518
0.003523320658132434,0.012528179213404655
0.013162123039364815,0.01566873863339424
-0.006119382567703724,0.0214662067592144
0.007097696419805288,0.015035489574074745
-0.0028928404208272696,0.016781125217676163
-0.008536109700798988,0.014635322615504265
0.006000049412250519,0.019908668473362923
-0.002714739413931966,0.01930445246398449
0.01928120106458664,0.020459838211536407
-0.0016371621750295162,0.02381245791912079
0.010246912017464638,0.02377077005803585
0.0037073753774166107,0.01675795018672943
-0.0019738306291401386,0.01984441466629505
0.00013172702165320516,0.04341227561235428
0.01245889626443386,0.02484501525759697
-0.01262799371033907,0.15
0.012763777747750282,0.034853965044021606
0.015182566829025745,0.03133834898471832
-0.012035055086016655,0.0380241684615612
-0.022763613611459732,0.028626257553696632
0.01907295361161232,0.03355931118130684
0.002399963792413473,0.022631969302892685
0.008710552006959915,0.03840401768684387
0.01583741419017315,0.012448699213564396
-0.0033345595002174377,0.018200386315584183
0.020797818899154663,0.014946908690035343
-0.010692518204450607,0.013044558465480804
-0.017231112346053123,0.025331199169158936
0.004595905542373657,0.018938980996608734
0.005992877762764692,0.022110585123300552
-0.0010897862957790494,0.017198167741298676
0.011534922756254673,0.015250957570970058
0.008745048195123672,0.017468055710196495
-0.004299872554838657,0.014522997662425041
-0.00847796630114317,0.01466984860599041
-0.006746700033545494,0.0134726008400321
0.006554980296641588,0.016383035108447075
0.0019465326331555843,0.021006638184189796
0.01736774668097496,0.015852270647883415
-0.0037463277112692595,0.019405975937843323
0.008577740751206875,0.019758542999625206
-0.005104067735373974,0.042101308703422546
0.00169529695995152,0.046931881457567215
-0.0007522300002165139,0.02239437960088253
0.007127557415515184,0.023795535787940025
0.009415184147655964,0.030909156426787376
-0.00027596522704698145,0.027241045609116554
0.008900482207536697,0.027386164292693138
0.008617710322141647,0.023828381672501564
0.004769319202750921,0.032401151955127716
0.009881565347313881,0.029078567400574684
-0.0030890973284840584,0.0327320322394371
0.014468003995716572,0.01880689524114132
0.01007520966231823,0.024821246042847633
-0.004945855122059584,0.034247495234012604
0.0029338581953197718,0.02898462302982807
-0.044972267001867294,0.031766146421432495
0.010161023586988449,0.03625492379069328
0.0073968213982880116,0.11495673656463623
0.008466606959700584,0.031112467870116234
0.00028547513647936285,0.014744383282959461
0.0006765527068637311,0.019397186115384102
-0.004355194512754679,0.02474544197320938
0.007281710393726826,0.02094040811061859
0.0016056555323302746,0.02270893007516861
-0.015541227534413338,0.017541080713272095
0.006693994160741568,0.028684481978416443
-0.012601212598383427,0.02542039006948471
0.006233896128833294,0.015263023786246777
0.009109384380280972,0.029093913733959198
0.00407662708312273,0.020068423822522163
0.0030084142927080393,0.020556604489684105
-0.0002453175839036703,0.023577380925416946
0.009593285620212555,0.02135172300040722
-0.0060719591565430164,0.03486059606075287
0.0073061115108430386,0.025292877107858658
-0.0009661257499828935,0.03486916795372963
0.005920943804085255,0.02879069186747074
-0.011833501979708672,0.13020887970924377
0.011904612183570862,0.03064301237463951
0.007093263324350119,0.022952958941459656
-0.005565547849982977,0.03782392293214798
0.005524561740458012,0.04487673193216324
0.008648386225104332,0.03277307003736496
0.001020680065266788,0.02751128003001213
0.004819363355636597,0.03751733899116516
-0.008247330784797668,0.024411529302597046
-0.006706662476062775,0.027473444119095802
0.012835748493671417,0.038208771497011185
-0.003736173966899514,0.025380529463291168
0.012238929979503155,0.019744528457522392
-0.0021054132375866175,0.03921770304441452
0.002590685151517391,0.023130983114242554
0.007871639914810658,0.020343543961644173
0.003972638864070177,0.022789742797613144
0.007101975381374359,0.025364436209201813
0.0031670681200921535,0.026095416396856308
-0.006492036394774914,0.023410938680171967
0.00032246531918644905,0.024431956931948662
-0.01088874414563179,0.026253709569573402
0.0149928517639637,0.028216540813446045
-0.0007209113682620227,0.027202339842915535
0.0002460043760947883,0.030133333057165146
0.010770689696073532,0.0269000343978405
0.00046808485058136284,0.01754065789282322
-0.0059437742456793785,0.04012247920036316
0.0049156625755131245,0.030564967542886734
-0.0008512471686117351,0.034182604402303696
0.0039655473083257675,0.037093713879585266
0.000846646900754422,0.03055374138057232
0.009194697253406048,0.027829719707369804
-0.00011326062667649239,0.027841607108712196
0.006237632595002651,0.04373152181506157
0.0010959551436826587,0.038832712918519974
0.007369654253125191,0.03398439288139343
0.006474783644080162,0.03217284381389618
-0.030984269455075264,0.03063376247882843
-0.005783055443316698,0.0245200302451849
0.0005133277736604214,0.033170171082019806
-0.019193587824702263,0.025461921468377113
0.016187574714422226,0.0431676022708416
-0.009512290358543396,0.031363993883132935
0.001085872296243906,0.02722177840769291
0.014979508705437183,0.041244737803936005
0.004103775601834059,0.026797136291861534
-0.000629652407951653,0.025351926684379578
-0.006275116000324488,0.027041830122470856
-0.0033172862604260445,0.028353175148367882
-0.010457613505423069,0.042709849774837494
0.004980659112334251,0.027082886546850204
-0.016688818112015724,0.024523839354515076
0.0022422000765800476,0.023802224546670914
0.008740839548408985,0.04448338598012924
0.010672197677195072,0.03678806498646736
-0.00022136511688586324,0.033202141523361206
0.0051411534659564495,0.041443005204200745
0.0033667362295091152,0.051677167415618896
-0.004927318077534437,0.05367198586463928
0.011982119642198086,0.09893995523452759
-0.00741245411336422,0.06088864058256149
0.007025328930467367,0.04193972796201706
0.0059297773987054825,0.0602957084774971
0.008780140429735184,0.036756206303834915
0.011367996223270893,0.03655244782567024
0.0004755617119371891,0.05984267219901085
-0.002768289763480425,0.051316116005182266
-0.0012602362548932433,0.040811412036418915
-0.002103022765368223,0.04224312677979469
-0.008577083237469196,0.05147400125861168
0.0016018106834962964,0.050912950187921524
-0.0014619260327890515,0.0566244050860405
0.004209709353744984,0.04902488365769386
0.002538396278396249,0.05105728656053543
-0.011066611856222153,0.026800885796546936
0.001287200371734798,0.0261855311691761
-0.025746451690793037,0.035464320331811905
0.005553728435188532,0.02200871706008911
-0.008896288461983204,0.03377903997898102
0.00938591081649065,0.035234615206718445
0.012952343560755253,0.03352617099881172
0.01894538290798664,0.04583491012454033
0.017868662253022194,0.03829491138458252
0.002475111046805978,0.031093215569853783
0.00017125182785093784,0.05969545245170593
-0.0013079505879431963,0.041916366666555405
0.006820965092629194,0.036631882190704346
-0.005629615858197212,0.04941917955875397
0.009493549354374409,0.047881726175546646
0.007234277203679085,0.0312831774353981
0.0018448041519150138,0.04606880992650986
-0.006296996958553791,0.04232228174805641
0.006562726106494665,0.03452745079994202
-0.001282306620851159,0.04503403976559639
0.005844038911163807,0.04161323234438896
0.009394352324306965,0.035010311752557755
0.002182231517508626,0.03379848226904869
-0.0010496402392163873,0.03350915387272835
0.0024354616180062294,0.049631789326667786
-0.0001414275320712477,0.04488980770111084
0.005239774938672781,0.03313416242599487
-0.0025626153219491243,0.052474863827228546
0.0064184218645095825,0.021161306649446487
0.006081049330532551,0.045510515570640564
0.00814303383231163,0.02740916982293129
0.0011806287802755833,0.04258565604686737
-0.010714872740209103,0.03617396950721741
0.0036514392122626305,0.023963866755366325
-0.002561484929174185,0.041813869029283524
0.0032381846103817225,0.025942349806427956
0.0063454038463532925,0.022496141493320465
0.006079039070755243,0.025419412180781364
0.010144690982997417,0.028113726526498795
0.001502985949628055,0.024624546989798546
-0.0025102938525378704,0.029829252511262894
0.0015704515390098095,0.025626810267567635
-0.002075719879940152,0.03126724436879158
0.0031216242350637913,0.03628657013177872
0.0012409054907038808,0.03407065197825432
0.005507516209036112,0.032025083899497986
-0.0004144690465182066,0.018907982856035233
0.006666718050837517,0.03497343882918358
0.0025581547524780035,0.02127322554588318
0.00047052770969457924,0.030364543199539185
-0.004279445391148329,0.02293436974287033
0.010538125410676003,0.03418006747961044
0.0069107785820961,0.036539044231176376
0.014265822246670723,0.03596670925617218
0.004310437943786383,0.02984720468521118
-0.010457353666424751,0.025084946304559708
0.0012344532879069448,0.033756937831640244
0.0056853829883039,0.024969106540083885
0.0004296649422030896,0.033401235938072205
-0.0075400411151349545,0.018785694614052773
0.0015208179829642177,0.04185521602630615
0.00479774409905076,0.02313624694943428
0.009567225351929665,0.031980935484170914
-0.007292777765542269,0.03853839263319969
0.003927882760763168,0.04626881331205368
0.002644860651344061,0.042957428842782974
-0.002942389575764537,0.04167276620864868
-0.018615661188960075,0.038448549807071686
0.011278626509010792,0.02441883645951748
-0.009298035874962807,0.03648565709590912
0.013839040882885456,0.02843434549868107
0.011396591551601887,0.05369206517934799
0.003572094487026334,0.0333748459815979
0.007075105328112841,0.04345377907156944
0.010239026509225368,0.043536677956581116
0.018248461186885834,0.041486214846372604
0.009648101404309273,0.04078105092048645
0.0008296255837194622,0.035846833139657974
0.002150128595530987,0.03916278854012489
0.00189311895519495,0.033444248139858246
-0.0005215676501393318,0.027373213320970535
-0.004834596998989582,0.035633742809295654
0.004059939179569483,0.036993153393268585
-0.0023735263384878635,0.03962398320436478
0.013380471616983414,0.025453073903918266
-0.013412896543741226,0.04607837274670601
-0.008644692599773407,0.036282993853092194
0.010507208295166492,0.03275102376937866
-0.02489638701081276,0.03569190949201584
-0.0033506168983876705,0.03963836655020714
0.019389577209949493,0.03894361853599548
-0.00789269246160984,0.04064348712563515
-0.009973644278943539,0.027543464675545692
-0.014686265960335732,0.026105210185050964
0.00936155766248703,0.040029142051935196
-0.004104348830878735,0.03614701330661774
0.02060703933238983,0.036027971655130386
0.003916182555258274,0.06044147163629532
0.01165408082306385,0.04692213609814644
-0.00221513444557786,0.04398570582270622
0.004301096778362989,0.03548428788781166
-0.0015670789871364832,0.04420831799507141
0.0042244200594723225,0.023800775408744812
-0.011783061549067497,0.046331606805324554
0.0007058734190650284,0.034937601536512375
0.00010846415534615517,0.04092126712203026
-0.006457568611949682,0.03892906755208969
-0.005560758523643017,0.03696350008249283
0.0016035608714446425,0.03648293390870094
0.01631535030901432,0.03481370583176613
0.0025282525457441807,0.0744992345571518
0.0008831197046674788,0.04395162686705589
0.003960592206567526,0.04226473718881607
0.012191313318908215,0.04434449225664139
0.00025519815972074866,0.04683791846036911
0.009266838431358337,0.029288172721862793
0.0006553985294885933,0.057282816618680954
-0.004424313083291054,0.034056033939123154
0.008416209369897842,0.03522335737943649
0.003377214539796114,0.030311064794659615
0.006192689761519432,0.034673839807510376
0.007821189239621162,0.031039081513881683
-0.005374560598284006,0.033186424523591995
0.010127593763172626,0.02798253856599331
-0.002059950726106763,0.035310301929712296
-0.008901149034500122,0.026895098388195038
-0.0008181977900676429,0.0385889932513237
0.004368809051811695,0.020922960713505745
-0.007748397998511791,0.03460777550935745
0.009691150858998299,0.026748884469270706
0.007473884150385857,0.0263691246509552
0.0003850205976050347,0.026662588119506836
-0.0013595419004559517,0.029202435165643692
-8.92198586370796e-05,0.02363438904285431
-0.0008341108914464712,0.03137267008423805
8.275846630567685e-05,0.02886635810136795
-0.011544470675289631,0.019290221855044365
0.002284219255670905,0.040142882615327835
0.00036293838638812304,0.032178446650505066
0.008174547925591469,0.027420205995440483
-0.011160062626004219,0.03243601322174072
-0.0015288901049643755,0.032914020121097565
-0.021257085725665092,0.0278835017234087
0.004338548518717289,0.038276925683021545
0.014604832977056503,0.032597705721855164
-0.005515161901712418,0.030318334698677063
-0.0024880734272301197,0.018589431419968605
-0.01108029019087553,0.03487056866288185
0.013696596026420593,0.034322645515203476
-0.005154527258127928,0.0278330035507679
0.008205835707485676,0.04791637137532234
-0.0009738235967233777,0.04311423748731613
0.0038945830892771482,0.03363800421357155
-0.00018988036026712507,0.04783555120229721
-0.002134867012500763,0.028531063348054886
0.0019269442418590188,0.04206280782818794
-0.00023095135111361742,0.036699891090393066
0.003704761154949665,0.04477309808135033
-0.0005462936242111027,0.03962993994355202
0.0031571188010275364,0.03458225354552269
-0.0017079535173252225,0.035217057913541794
0.0012226556427776814,0.032264869660139084
0.0014715917641296983,0.028184356167912483
0.005344362463802099,0.0347050316631794
0.0011446906719356775,0.039378728717565536
0.0027872067876160145,0.024599935859441757
-0.002733709290623665,0.03613930940628052
-0.005808785557746887,0.028973380103707314
0.0026715549174696207,0.030256908386945724
-0.01095398049801588,0.03136386722326279
0.003439531195908785,0.0246170274913311
0.0032063827384263277,0.029383666813373566
0.0030834537465125322,0.027882397174835205
0.006563524715602398,0.032956235110759735
-0.0006092017283663154,0.02788691408932209
0.005558566190302372,0.04072975367307663
0.0016587794525548816,0.03267708420753479
-0.0020676038693636656,0.031567759811878204
0.00046060848399065435,0.03784686699509621
0.004640146158635616,0.04469415545463562
0.00046049494994804263,0.027330873534083366
0.0009491798118688166,0.04282186180353165
-0.0004616362857632339,0.03913131356239319
-0.007272016257047653,0.02556990087032318
0.008756293915212154,0.032615453004837036
0.0014175556134432554,0.05141581594944
-0.0040969992987811565,0.04001821577548981
-0.0020447769202291965,0.03870100900530815
-0.0037471982650458813,0.03562067821621895
-0.005921830888837576,0.04881283640861511
-0.011238396167755127,0.04340101778507233
0.008440405130386353,0.03687206655740738
0.010860026814043522,0.033531662076711655
0.0021270359866321087,0.036519985646009445
0.006887313909828663,0.029893049970269203
0.0012232112931087613,0.04082098603248596
-0.0014808758860453963,0.03309454768896103
0.005304827820509672,0.026825588196516037
0.004531422629952431,0.03153636306524277
-0.0015494506806135178,0.034985437989234924
5.3071464208187535e-05,0.03362824022769928
0.002799930749461055,0.02378762699663639
-0.00039410710451193154,0.02206050418317318
0.005985800642520189,0.03867313638329506
-0.0014134192606434226,0.036070652306079865
0.0017259184969589114,0.03374861180782318
-0.0006638598861172795,0.03136320039629936
0.0025396791752427816,0.028403785079717636
0.0008600202854722738,0.0330350399017334
0.006103320978581905,0.03623088076710701
-0.0005350657738745213,0.03827308863401413
-0.007118302397429943,0.036598194390535355
-0.005677671171724796,0.04030556231737137
0.003200134728103876,0.03412274271249771
0.008024909533560276,0.032618265599012375
0.00907711498439312,0.03800910338759422
0.00027660702471621335,0.033378966152668
0.0015532926190644503,0.03705073893070221
-0.00539060216397047,0.031537074595689774
0.010482974350452423,0.040547437965869904
0.0011781684588640928,0.026402415707707405
0.00030005478765815496,0.039417874068021774
0.0029897401109337807,0.03171023726463318
0.0037310635671019554,0.04893764480948448
0.0017907891888171434,0.02387629821896553
0.0015476004919037223,0.028191672638058662
-0.011652234941720963,0.04043816402554512
-0.002042363630607724,0.030131986364722252
-0.0025831882376223803,0.028728634119033813
-0.006645406596362591,0.03514112904667854
0.00023164480808191001,0.033957354724407196
0.00011384158278815448,0.030279487371444702
0.007080601062625647,0.026954585686326027
-0.0011198302963748574,0.030325692147016525
-0.006226908415555954,0.023382293060421944
-0.017918730154633522,0.032381389290094376
-0.001932093407958746,0.02586156129837036
0.010446532629430294,0.04296443238854408
0.0063300966285169125,0.028741616755723953
-0.005686368327587843,0.05485353246331215
-0.005570933688431978,0.048070818185806274
-0.017356418073177338,0.045466769486665726
0.0012292584870010614,0.05372108891606331
-0.0005418454529717565,0.053226251155138016
0.010770377703011036,0.054429978132247925
-0.010162265971302986,0.0664307251572609
0.009978942573070526,0.06729477643966675
0.006055174395442009,0.0750373899936676
0.005081284325569868,0.056600671261548996
-0.0008536606328561902,0.07415167987346649
-0.0005470315227285028,0.07684319466352463
0.0012835630914196372,0.05962859094142914
0.009202913381159306,0.05883673205971718
0.01040187943726778,0.07936642318964005
0.007005516905337572,0.07299819588661194
0.0038041218649595976,0.06742039322853088
0.009031972847878933,0.06746654212474823
0.0061071645468473434,0.06741134822368622
-0.0006830560741946101,0.05484611913561821
0.0012204080121591687,0.05539015680551529
0.008226756006479263,0.053865399211645126
-0.0027814493514597416,0.03560110181570053
-0.010831276886165142,0.06645714491605759
0.010284118354320526,0.03904831036925316
0.004772002808749676,0.045583974570035934
0.0021952318493276834,0.05610915273427963
0.00234621437266469,0.03931921720504761
0.0046067992225289345,0.05083542317152023
0.0013192299520596862,0.03241722285747528
0.006062644533813,0.029161486774683
0.009198279120028019,0.030926963314414024
-0.0023625728208571672,0.031056249514222145
-0.007706368807703257,0.027065789327025414
0.002041095169261098,0.03416675701737404
0.004420902580022812,0.029775084927678108
-0.0012875498505309224,0.026363171637058258
-0.003019791329279542,0.02164480648934841
-0.0005244764033704996,0.03397887945175171
-0.0055110570974648,0.020328586921095848
-0.00047434220323339105,0.038484685122966766
-0.011168031021952629,0.021466592326760292
0.0005556316464208066,0.032875753939151764
0.003128909505903721,0.029564153403043747
0.0009298670338466763,0.023356346413493156
-0.013287714682519436,0.04029832035303116
0.009458495303988457,0.04199124127626419
-0.014809244312345982,0.02784496359527111
-0.010244708508253098,0.038026127964258194
0.009418956935405731,0.03737057000398636
-0.009276216849684715,0.046394724398851395
0.0043419417925179005,0.053468286991119385
0.01656610146164894,0.05033538490533829
0.002819518093019724,0.0429244264960289
-0.009519308805465698,0.0442216694355011
0.0040370021015405655,0.0599680133163929
-0.005198076367378235,0.0471920482814312
-0.007714688312262297,0.04759059473872185
0.014113250188529491,0.05976810306310654
-0.0057534221559762955,0.04885471984744072
-0.005080725532025099,0.06739530712366104
-0.007364008575677872,0.0474918857216835
0.011502448469400406,0.038289204239845276
0.007576709613204002,0.036851782351732254
0.004124842584133148,0.05674874410033226
-0.00014583798474632204,0.04200185462832451
0.009503546170890331,0.05427408590912819
-0.0008941870764829218,0.03483499586582184
0.0002210667880717665,0.06365329027175903
0.00028822774766013026,0.03941672295331955
-0.0011305630905553699,0.04738010838627815
-0.003082062816247344,0.05308287590742111
-0.0019206700380891562,0.029005026444792747
-0.016299672424793243,0.040516845881938934
-0.0018344874260947108,0.034775733947753906
-0.004149247892200947,0.03606347739696503
-0.0007221762207336724,0.03430967777967453
0.008034109137952328,0.027211634442210197
0.0007664588047191501,0.05014738813042641
-0.014279698953032494,0.024820521473884583
-0.0005389448488131166,0.04774508625268936
-0.0005222666077315807,0.036915503442287445
-0.013871180824935436,0.03480593115091324
-0.00549265556037426,0.0354129932820797
-0.007498935330659151,0.0488220639526844
-0.01697164587676525,0.04407854005694389
0.0018410433549433947,0.053434692323207855
-0.008390840142965317,0.03916936367750168
-0.005044860765337944,0.058873385190963745
-0.0037551443092525005,0.06267698109149933
0.016841553151607513,0.0686655342578888
0.01585925556719303,0.05423176661133766
0.004423928912729025,0.07015470415353775
0.0038986168801784515,0.06294184923171997
-0.01121298037469387,0.06399626284837723
0.0018468104535713792,0.07368618249893188
0.0024683899246156216,0.06529798358678818
0.00317844795063138,0.047721344977617264
0.00789816863834858,0.05065922066569328
-0.008066490292549133,0.07584888488054276
-0.005338406655937433,0.05248865485191345
-0.004031579941511154,0.05310039222240448
0.009160169400274754,0.055548522621393204
0.0016608298756182194,0.057905010879039764
-0.01213138923048973,0.08300801366567612
-0.007895885966718197,0.07827737927436829
-0.0030259566847234964,0.10718485713005066
-0.006861160974949598,0.08938999474048615
-0.014157441444694996,0.06930160522460938
0.018336253240704536,0.047044795006513596
0.020214227959513664,0.04114226996898651
0.007729957811534405,0.05482003837823868
-0.007218837272375822,0.03413905203342438
0.010619784705340862,0.05690953508019447
-0.016047807410359383,0.03802347183227539
-0.01305931806564331,0.04885994642972946
-0.02551455982029438,0.051415275782346725
-0.0023034259211272,0.05540675297379494
0.024101655930280685,0.048289597034454346
-0.004721008241176605,0.05061689391732216
-0.009670725092291832,0.07301372289657593
-0.008350021205842495,0.033736586570739746
0.009767476469278336,0.037132322788238525
0.014966297894716263,0.03572011739015579
0.008283833973109722,0.04120958596467972
0.00686183525249362,0.0395764522254467
-0.003240201622247696,0.04698179289698601
0.006873195990920067,0.03095122054219246
-0.003293574322015047,0.04770150035619736
0.007482991553843021,0.02750927396118641
0.0005638874135911465,0.029813362285494804
0.0065587288700044155,0.045882850885391235
0.00933072529733181,0.03637562319636345
-0.0031911435071378946,0.04288408160209656
-0.00912540964782238,0.03771365061402321
0.004875790327787399,0.03395485132932663
0.006706293672323227,0.03121497668325901
-0.012929970398545265,0.036441870033741
-0.01329663023352623,0.046331606805324554
0.0037689905147999525,0.042599696666002274
-0.005519811529666185,0.04050654545426369
-0.01671995222568512,0.03638914227485657
-0.001385133364237845,0.033713459968566895
0.01691466011106968,0.02652140147984028
-0.014528711326420307,0.040897104889154434
0.0004909679410047829,0.02569042518734932
-0.003288042265921831,0.0388333834707737
0.014324665069580078,0.04209674894809723
-0.004043970722705126,0.04513859748840332
-0.016576038673520088,0.040641892701387405
-0.019937753677368164,0.030623871833086014
0.005314192268997431,0.048400770872831345
-0.02128184214234352,0.048867929726839066
0.0011719649191945791,0.042950741946697235
0.014980078674852848,0.033967044204473495
-0.022911299020051956,0.052520424127578735
0.0004194336070213467,0.03401137515902519
0.0026365299709141254,0.05241800844669342
0.01642671227455139,0.05178149789571762
-0.02023642137646675,0.048115283250808716
-0.005497022066265345,0.03302078694105148
-0.022960303351283073,0.053233761340379715
-0.0001263446029042825,0.03774711489677429
-0.009631886146962643,0.03799833357334137
0.001597462221980095,0.03845420107245445
0.016361918300390244,0.05606623366475105
-0.0014333241852000356,0.034143704921007156
0.007843831554055214,0.04264107346534729
-0.01849980652332306,0.0671079158782959
0.000968244974501431,0.04243065416812897
0.0016915639862418175,0.052574094384908676
0.0049611530266702175,0.05354323983192444
-0.003304485697299242,0.03545051068067551
0.007410489488393068,0.05821729451417923
0.01008200366050005,0.04279536381363869
0.012659614905714989,0.04905262961983681
0.0018484941683709621,0.05518388748168945
-0.007112923078238964,0.03511454537510872
-0.007363507524132729,0.0572618767619133
0.014431079849600792,0.04768839851021767
-0.01018394622951746,0.03418583422899246
0.0014430276351049542,0.06399857252836227
0.007067389320582151,0.067122682929039
-0.007339846808463335,0.05839311704039574
-0.018150154501199722,0.06108670309185982
-0.021706003695726395,0.028750045225024223
-0.04339366406202316,0.05636008083820343
-0.003582652658224106,0.04009232297539711
0.011924424208700657,0.082256019115448
-0.02047491818666458,0.02560563199222088
0.0037698515225201845,0.0211362075060606
6.242989911697805e-05,0.02844439633190632
0.011897548101842403,0.021585213020443916
0.0005266485968604684,0.031661782413721085
0.00868547149002552,0.030193189159035683
0.01658860221505165,0.032598596066236496
-0.003610860323533416,0.03488041087985039
-0.012245390564203262,0.04182213917374611
-0.002550422679632902,0.040420662611722946
-0.0074965269304811954,0.0394863598048687
0.007010196335613728,0.03603961691260338
0.0007133734179660678,0.04512197524309158
0.009517839178442955,0.05744315683841705
-0.002715163165703416,0.043980032205581665
0.012183497659862041,0.040737513452768326
0.0001098228749469854,0.05075022578239441
-0.013590177521109581,0.031813934445381165
-0.009266295470297337,0.04966966435313225
-0.0014185887994244695,0.14820095896720886
-0.007775129284709692,0.048810094594955444
0.016240589320659637,0.06756696105003357
-0.0024413634091615677,0.04192688688635826
0.02177383378148079,0.06818672269582748
0.009240834042429924,0.03644820675253868
0.011680416762828827,0.040698323398828506
-0.010089551098644733,0.03152478486299515
-0.0031699123792350292,0.03878770396113396
-0.010504189878702164,0.02859271503984928
0.022898659110069275,0.03693687915802002
0.01162380538880825,0.02271432988345623
0.006871475372463465,0.05446035414934158
-0.0016050669364631176,0.022863520309329033
-0.003145533846691251,0.02228851057589054
0.011590777896344662,0.02011316828429699
-0.00031343704904429615,0.020430628210306168
0.0010638630483299494,0.021640680730342865
0.0018391440389677882,0.01634833589196205
-0.007090488448739052,0.026374028995633125
0.020458847284317017,0.033530011773109436
-0.003062171395868063,0.03063024953007698
0.012554016895592213,0.03106815181672573
0.0015907767228782177,0.042391352355480194
-0.0011027547297999263,0.030315052717924118
-0.010631019249558449,0.027468843385577202
0.0001787047367542982,0.03477385640144348
-0.018816092982888222,0.03622225672006607
-0.013959000818431377,0.025293808430433273
0.0004303943132981658,0.02935209684073925
0.0020910229068249464,0.04140360653400421
0.011787408962845802,0.016674580052495003
-0.026088912039995193,0.03775451332330704
-0.005190086551010609,0.031086351722478867
-0.006703081075102091,0.06902246177196503
-0.004239626228809357,0.032298121601343155
-0.004081799648702145,0.03532677888870239
-0.005967865232378244,0.05950222909450531
-0.00022006049402989447,0.0378054641187191
-0.00596157182008028,0.03576592728495598
0.01380247063934803,0.05265536531805992
0.0049448320642113686,0.05327042192220688
0.015077686868607998,0.048383451998233795
0.007475162390619516,0.054410420358181
-0.030081255361437798,0.07418611645698547
0.001964214025065303,0.061936479061841965
-0.005756706465035677,0.08534519374370575
-0.004745790734887123,0.05045286566019058
0.003680815687403083,0.05884634703397751
-0.009013156406581402,0.0806756317615509
-0.009998642839491367,0.05281522497534752
-0.008618545718491077,0.07183811068534851
-0.01444291416555643,0.06564751267433167
-0.007896850816905499,0.06151360273361206
-0.0014812537701800466,0.07403623312711716
0.020641911774873734,0.0620485357940197
-0.014750649221241474,0.0731005072593689
-0.007407526019960642,0.08487445116043091
0.014841251075267792,0.04638975113630295
0.020713230594992638,0.05452265217900276
-0.003076497232541442,0.043566808104515076
-0.0057067289017140865,0.043665025383234024
-0.018788866698741913,0.03730174899101257
-0.00821908563375473,0.04878261685371399
-0.0051026917062699795,0.05041442811489105
0.0003268409927841276,0.05135364830493927
0.0096095846965909,0.04877835884690285
-0.019218921661376953,0.0488310232758522
0.022625945508480072,0.05636094510555267
0.004684729967266321,0.049626804888248444
-0.005209609866142273,0.0460558645427227
-0.0008699906757101417,0.049903061240911484
0.013274048455059528,0.05555567145347595
0.0032480701338499784,0.06820780038833618
0.01332747284322977,0.07178803533315659
0.0016036462038755417,0.06766656786203384
-0.0018508323701098561,0.060734253376722336
0.008263240568339825,0.05251304432749748
-0.003144443267956376,0.05181201547384262
-0.00030039623379707336,0.04391299933195114
-0.01731054112315178,0.05488993227481842
-0.006388929206877947,0.037023406475782394
0.008420663885772228,0.03683231398463249
0.0020163680892437696,0.0351114459335804
0.002511712722480297,0.03522595763206482
-0.023054055869579315,0.03406061604619026
0.056303251534700394,0.044426705688238144
0.008437908254563808,0.07097484916448593
-0.007181492634117603,0.11083984375
0.008212065324187279,0.02861594222486019
-0.006238555535674095,0.01985299400985241
-0.0045463587157428265,0.01650693267583847
0.00014006515266373754,0.02081470564007759
-0.004206313751637936,0.020610854029655457
0.005929135717451572,0.01921643503010273
0.006822994910180569,0.019465703517198563
1.0173696864512749e-05,0.01977081224322319
-0.0003135437145829201,0.016914021223783493
-0.0074045248329639435,0.01916193589568138
0.0004272262449376285,0.014396687038242817
0.017057711258530617,0.014907646924257278
0.002056003315374255,0.02168472297489643
0.00039441476110368967,0.012910351157188416
-0.010890650562942028,0.021670561283826828
-0.006310308817774057,0.01538609154522419
-0.0009378344984725118,0.013772149570286274
0.005582896526902914,0.014103058725595474
-0.003064614487811923,0.027165578678250313
0.007895803079009056,0.14650165405313678
0.009783681482076645,0.02353275567293167
-0.003300386480987072,0.03268788382411003
-0.020986465737223625,0.03128586709499359
-0.010225913487374783,0.02558000385761261
-0.008598720654845238,0.030155936256051064
0.001646204967983067,0.024391427636146545
0.01163570862263441,0.02993817999958992
-0.011167324148118496,0.037660151720047
0.0018988332012668252,0.036617059260606766
6.946316716494039e-05,0.041836850345134735
-0.004698069300502539,0.04050516337156296
-0.00858656968921423,0.040417544543743134
0.015895342454314232,0.05480928346514702
-0.002675027586519718,0.04984796792268753
8.799693750916049e-05,0.053414806723594666
0.0008744180086068809,0.04405045509338379
0.009416832588613033,0.0547054223716259
-0.01027102954685688,0.06617151200771332
0.015985948964953423,0.03694108501076698
0.0008715621661394835,0.062531478703022
0.004776516929268837,0.06054304167628288
0.007175515405833721,0.05145816132426262
0.007061174605041742,0.0534525029361248
0.005830989684909582,0.05822736769914627
0.0018872845685109496,0.0645608976483345
-0.0010105980327352881,0.0550527460873127
-0.01288661826401949,0.0627724751830101
-0.0034351772628724575,0.05948921665549278
0.01590200513601303,0.030271299183368683
0.010308435186743736,0.06606651842594147
-0.003239395096898079,0.048210565000772476
0.0014054910279810429,0.026256801560521126
0.011324409395456314,0.05333005636930466
0.006121339742094278,0.03146173804998398
-0.014217469841241837,0.03029779903590679
0.01529697235673666,0.024014826864004135
0.01666719652712345,0.02708212099969387
0.01552035752683878,0.030259761959314346
-0.014299197122454643,0.02594728022813797
-0.008685734122991562,0.019514288753271103
0.010366705246269703,0.03675317019224167
-0.00638901861384511,0.030984047800302505
-0.007742536719888449,0.017789047211408615
-0.00167806854005903,0.03499265015125275
0.008101421408355236,0.03168801963329315
0.00426501827314496,0.020083313807845116
0.007575553841888905,0.024403948336839676
-0.009313651360571384,0.02422620728611946
-0.0018435054225847125,0.03204982355237007
0.00016416700964327902,0.024985825642943382
-0.016624977812170982,0.03440508246421814
-0.0008348790579475462,0.04867706075310707
0.0023143505677580833,0.04256533458828926
-0.01091049425303936,0.03142537921667099
0.0033185891807079315,0.0355691984295845
-0.002162837190553546,0.04262700304389
-0.0031978427432477474,0.05445778742432594
0.00543051864951849,0.031982943415641785
0.012117240577936172,0.058094706386327744
-0.0017967155436053872,0.04331256076693535
-0.011774271726608276,0.045230623334646225
-0.0004690367204602808,0.08891811966896057
-0.020549600943922997,0.05584721267223358
-0.016091877594590187,0.044691506773233414
0.01260928064584732,0.06038655340671539
0.015872914344072342,0.06716211140155792
-0.005738052073866129,0.05082757771015167
0.015350190922617912,0.06275510042905807
-0.0018032864900305867,0.09048809111118317
0.005996756721287966,0.06598891317844391
0.009516165591776371,0.05676385760307312
-0.009959732182323933,0.053957127034664154
0.008959035389125347,0.076807901263237
-0.0009731447207741439,0.0686248391866684
-0.003815863048657775,0.06356754153966904
1.919457281474024e-05,0.05110899358987808
0.007960394956171513,0.04023747146129608
0.004165740218013525,0.04606239125132561
0.010569551028311253,0.048095546662807465
-6.354186916723847e-05,0.02679838053882122
-0.0006809834158048034,0.0499354787170887
-0.004529987461864948,0.04259584844112396
0.002464550081640482,0.04704424738883972
-0.0003249376895837486,0.06301497668027878
0.004472892731428146,0.05576210841536522
0.002896169200539589,0.050995875149965286
-0.003991261124610901,0.04838453605771065
0.012315589003264904,0.03535744920372963
-0.003288063919171691,0.025108974426984787
0.0022300349082797766,0.03732689842581749
0.0008291943813674152,0.034138768911361694
-0.005642762407660484,0.03418341279029846
-0.007774428464472294,0.0238808523863554
-0.00039531150832772255,0.02516484633088112
0.00024015165399760008,0.04304627329111099
-0.01288521382957697,0.027086226269602776
-0.0011132457293570042,0.028035780414938927
0.012653771787881851,0.021928561851382256
0.0017954792128875852,0.040020473301410675
-0.005389121361076832,0.0218923632055521
-0.006204153876751661,0.04609500616788864
-0.0006980153266340494,0.035400211811065674
-0.003209155285730958,0.03838428109884262
0.011128891259431839,0.03422403708100319
-0.001705895527265966,0.03547443076968193
-0.001559397904202342,0.034064795821905136
0.005439147353172302,0.039020635187625885
-0.0023438159842044115,0.04582298919558525
-0.002778315683826804,0.035124521702528
0.004615555517375469,0.04255117103457451
-0.007744733244180679,0.03383472189307213
0.008139770478010178,0.04008391499519348
0.003123694099485874,0.044972434639930725
-0.001361133181490004,0.03482918441295624
0.0009674833272583783,0.047556545585393906
-0.00634025689214468,0.04895417392253876
-0.007223188877105713,0.04258028417825699
0.005243413150310516,0.05512605607509613
0.012759091332554817,0.04872068017721176
0.0007693729130551219,0.055818043649196625
0.0029893466271460056,0.040107399225234985
-0.0015176034066826105,0.05265049636363983
0.00773259811103344,0.060545895248651505
0.010013286955654621,0.045454803854227066
-0.0018051541410386562,0.05607640743255615
0.006049823481589556,0.0648922473192215
-0.006155566778033972,0.056036390364170074
0.006132997572422028,0.04459037631750107
0.0008624395122751594,0.04105813056230545
0.007117203902453184,0.05290989950299263
0.008634415455162525,0.051424406468868256
-0.0006056201527826488,0.04941338300704956
0.010131431743502617,0.05317308381199837
-0.002567428397014737,0.04370320588350296
0.0008459301316179335,0.03887533023953438
-0.0026933231856673956,0.05171659216284752
-0.003666129196062684,0.04936571046710014
-0.00044868909753859043,0.05362113192677498
-0.004794529173523188,0.04930650815367699
-0.001456958125345409,0.041303787380456924
0.00906477402895689,0.05918784439563751
0.0007153265178203583,0.03703940659761429
0.002049551345407963,0.038936495780944824
0.007899257354438305,0.020580414682626724
0.0027426290325820446,0.025945354253053665
-0.0004246509342920035,0.02796565741300583
-0.003055401612073183,0.03577738627791405
-0.010372014716267586,0.030102377757430077
-0.00019966445688623935,0.03842168673872948
0.007393055595457554,0.03548148274421692
0.008216004818677902,0.028301985934376717
0.006227105390280485,0.024539384990930557
0.01220439001917839,0.03531120717525482
-0.005215501878410578,0.028780946508049965
0.005148252472281456,0.03266133740544319
0.0050802030600607395,0.03617294132709503
0.003716066712513566,0.022720590233802795
-0.006895720958709717,0.02920496091246605
0.0007734263781458139,0.029781751334667206
0.00163426308427006,0.024927835911512375
0.0024688411504030228,0.04451197385787964
0.0007303878664970398,0.028333371505141258
-0.007870227098464966,0.042975932359695435
0.01142668817192316,0.024763643741607666
0.005730216857045889,0.043311528861522675
-0.0016280740965157747,0.03514992445707321
-0.014034752734005451,0.02541799284517765
-0.0004239836416672915,0.04188636690378189
0.0010658635292202234,0.023751642554998398
0.004877337254583836,0.023424290120601654
-0.006259550340473652,0.027819707989692688
-0.007253002841025591,0.038237184286117554
0.0006016382831148803,0.02799331210553646
-0.0033639182802289724,0.03544533997774124
0.0051378775388002396,0.03687627241015434
-0.010143272578716278,0.04165436327457428
-0.006963615771383047,0.0444665253162384
-0.007837777025997639,0.043409314006567
0.00048049300676211715,0.03662081062793732
0.002788916230201721,0.054010458290576935
-0.0012436198303475976,0.05735418200492859
0.01108158566057682,0.0554303415119648
-0.010323691181838512,0.04661289229989052
0.0036520056892186403,0.07240919768810272
0.005371680948883295,0.07010606676340103
0.014363208785653114,0.05929417908191681
0.002061233390122652,0.08334207534790039
-0.0006626615067943931,0.06797297298908234
0.00016206991858780384,0.06993851810693741
-4.97155160701368e-05,0.05571150407195091
-0.004100118298083544,0.05743569880723953
-0.0034363162703812122,0.03859436511993408
0.0012924305628985167,0.06713814288377762
0.002568949945271015,0.058478932827711105
0.0067943003959953785,0.0693480521440506
-0.004258336964994669,0.057420164346694946
-0.0002060159167740494,0.06383325904607773
0.00548125384375453,0.06523089855909348
-0.009269391186535358,0.07088959217071533
-9.188219701172784e-05,0.039418775588274
-0.003731904085725546,0.07011708617210388
-0.005487799644470215,0.040890924632549286
-0.01561171468347311,0.030243655666708946
0.0010141596430912614,0.042315978556871414
0.0002975661482196301,0.04223540425300598
-0.010966910049319267,0.03773156553506851
0.0006720343371853232,0.02797648310661316
0.007499559782445431,0.04966484382748604
-0.0017190183280035853,0.045361705124378204
-0.0026023671962320805,0.03232889249920845
-0.012398642487823963,0.05995751917362213
0.007502593100070953,0.03967215493321419
-0.0012723823310807347,0.05746575444936752
0.008460055105388165,0.07829166948795319
0.00550133315846324,0.055248938500881195
0.004920804873108864,0.04830280318856239
0.0005130624049343169,0.09412229061126709
-0.00756889209151268,0.06864525377750397
-0.0014677236322313547,0.05889374390244484
0.011440498754382133,0.08667147159576416
0.00042972626397386193,0.05824818089604378
-0.009859849698841572,0.05454634502530098
-0.008542224764823914,0.07455167174339294
-0.006828540936112404,0.0753297358751297
0.009601864032447338,0.07542965561151505
0.011395595967769623,0.07292214781045914
-0.01832595281302929,0.06550194323062897
-0.008091680705547333,0.06247720122337341
-0.002939921338111162,0.07725804299116135
0.006363397464156151,0.04315387085080147
0.005721095483750105,0.07495889067649841
0.008935276418924332,0.03595505654811859
0.016565751284360886,0.04815133288502693
0.0115360701456666,0.0660824179649353
-0.0013921739300712943,0.04685971885919571
0.00516050448641181,0.0440211296081543
-5.416813655756414e-05,0.05386792868375778
-0.004929335322231054,0.03456559032201767
0.011222386732697487,0.037669844925403595
-0.000241453992202878,0.05257882550358772
0.014934634789824486,0.0433831661939621
0.00255630724132061,0.046454448252916336
-0.0020529094617813826,0.04964959993958473
0.003431847784668207,0.04927470162510872
0.007112490478903055,0.05005951225757599
-0.003560079261660576,0.04671850800514221
0.004174516536295414,0.053860124200582504
-0.0002320800704183057,0.03335156664252281
0.0018287291750311852,0.050502318888902664
-0.0009939743904396892,0.02305750921368599
0.004618591628968716,0.03877751901745796
0.0030935113318264484,0.034853361546993256
0.0022858534939587116,0.02958415448665619
0.00866683665663004,0.03299194574356079
-0.0004224731819704175,0.018084688112139702
0.002259992528706789,0.03402996063232422
-0.004602519795298576,0.02898956835269928
0.004176342859864235,0.0283867996186018
0.005030750297009945,0.02014506608247757
-0.0024292394518852234,0.026753468438982964
0.004945720545947552,0.03149540722370148
0.015256448648869991,0.02853395789861679
0.004920533858239651,0.022951193153858185
-0.0032954304479062557,0.03788185864686966
0.004398342687636614,0.022484445944428444
0.005511930212378502,0.03577567636966705
-0.009479551576077938,0.0245754923671484
0.01051941979676485,0.027624258771538734
0.0009368773316964507,0.025472067296504974
-0.0006533189443871379,0.02304394170641899
0.005748344119638205,0.030862895771861076
0.0056350925005972385,0.026490265503525734
-0.0022666973527520895,0.02875649929046631
-0.005224979016929865,0.02116810902953148
-4.179157622274943e-05,0.02786105126142502
